ID,Test Name,Year,Session,Subject,Number,Question,image,law,Option 1,Option 2,Option 3,Option 4,Answer,모델명,총문제수,정답수,추출실패,정확도(%),총소요시간(초),문제당평균시간(초),입력토큰,출력토큰,총토큰,비용수준,예측답,정답여부,모델응답
1,방재기사,2022,2,재해분석,41,재해영향평가등의 협의 실무지침상 재해영향평가 등의 협의 관리체계에 관한 사항으로 틀린 것은?,text_only,O,발생 가능한 피해는 강제적인 규제조치를 통해 방지하는 규제적수단이다.,재해피해시 보상금액을 협의할수 있는 협의적 수단이다.,평가를 통해 승인된 계획을 통하여 개발이 완료된 이후 발생할 수 있는 천재지변에 의한 피해에 대해서는 분쟁조정과 피해배상의 부분으 포함하는 구제적 수단이다.,개발에 따른 홍수와 토사 유출량의 증대로 인한 하류지역 피해 및 사면불안정으로 인한 재해요인을 최소화하는 예방적 수단이다.,2,Claude 3.5 Sonnet,136,1,0,100.0,0.76,0.76,341,5,346,중간,2,True,2
2,방재기사,2019,5,재해대책,64,"유출계수 0.1 유역면적 1.0km$^2$ 도달시간 30분일 때 합리식에 의한 첨두홍수량은? (단, 강우강도식 [ I = 3000 / t ] 이며 I는 강우강도, t는 강우지속기간(분)이다.)",text_only,,1.89,2.78,3.83,4.87,2,Claude 3.5 Sonnet,136,2,0,100.0,1.58,0.79,515,10,525,중간,2,True,2
3,방재기사,2021,3,방재시설,25,"집중호우시 토사유량 저감을 위해 어떤 소유역에 설치된 침사지로 유입 할 토사의 체적을 산정한 결과 200m$^3$/year 이었다. 준설주기를 년2회로 계획할 경우, 토사저류부의 저류용량(m$^3$)은? (단, 침사지의 토사포착 효율은 80% 이다.)",text_only,,80,120,160,200,1,Claude 3.5 Sonnet,136,2,1,66.67,3.67,1.22,715,110,825,중간,N/A,False,"2

풀이:
1) 연간 유입 토사량 = 200m³/year
2) 침사지 토사포착 효율 = 80%
3) 실제 포착되는 토사량 = 200 × 0.8 = 160m³/year
4) 준설주기 = 년 2회
5)"
4,방재기사,2020,3,방재시설,27,자연재해대책법령상 수방기준을 제정하는 대상시설물에 해당하지않는것?,text_only,O,소하천정비법에 따른 소하천 부속물 중 제방,하천법에 따른 하천시설 중 제방,농어촌정비법에 따른 농업생산기반시설 중 농수산물 유통시설,하수도법에 따른 하수도중 하수관로 및 공공하수처리시설,3,Claude 3.5 Sonnet,136,3,1,75.0,4.45,1.11,916,115,1031,중간,3,True,3
5,방재기사,2019,5,방재시설,27,토사재해로 인한 위험요인으로 틀린 것은?,text_only,,산지침식 및 홍수피해,하천시설 피해,하천 통수능 증대,저수지의 저수능 저하,3,Claude 3.5 Sonnet,136,4,1,80.0,5.35,1.07,1042,120,1162,중간,3,True,3
6,방재기사,2021,2,재해분석,48,"재해복구사업의 분석·평가 시행지침상 다음에서 설명하는 용어로 옳은 것은?\n\n- 홍수 호우 등으로부터 재해를 예방하기 위하여 지역별로 설정 공포한 목표강우량(시우량, 연속강우량)",text_only,O,방재성능목표,재해저감성 평가,재해복구개선평가,재해복구 효율성평가,1,Claude 3.5 Sonnet,136,5,1,83.33,6.32,1.05,1239,125,1364,중간,1,True,1
7,방재기사,2021,3,재해대책,74,사면 안정성 해석 프로그램이 아닌 것은?,text_only,,SLIDE,SWEDGE,SLOPE/W,XP-SWMM,4,Claude 3.5 Sonnet,136,6,1,85.71,7.17,1.02,1338,130,1468,중간,4,True,4
8,방재기사,2020,3,재해대책,67,자연재해대책법령상 재해영향평가등의 협의대상 분야에 해당하지 않는것은?,text_only,O,국토·지역 계획 및 도시의 개발,지질 및 생태 개발,에너지 개발,관광단지 개발 및 체육시설 조성,2,Claude 3.5 Sonnet,136,7,1,87.5,8.05,1.01,1490,135,1625,중간,2,True,2
9,방재기사,2019,5,재해분석,60,발생지역에 따른 열대성 저기압의 명칭으로 옳은 것은?,text_only,,사이클론 - 카리브해,윌리윌리 - 북태평양,허리케인 - 북대서양,태풍 - 남태평양,3,Claude 3.5 Sonnet,136,8,1,88.89,8.94,0.99,1630,140,1770,중간,3,True,3
10,방재기사,2022,2,재난관리,16,재난 및 안전관리 기본법령상 재난대비훈련 기본계획 수립주기는?,text_only,O,6개월,1년,2년,3년,2,Claude 3.5 Sonnet,136,9,1,90.0,10.51,1.05,1738,145,1883,중간,2,True,2
11,방재기사,2021,2,방재시설,39,자연재해저감 종합계획 세부수립기준상 주요 자연재해 특성분석에 관한 사항으로 틀린 것은?,text_only,O,"기상개황은 자연재해 발생기간내의 강우량, 풍속, 풍향, 적설량등을 기술한다.",주요자연재해 특성분석내용은 위험지구 예비후보지 대상선정시 제외한다.,자연재해 원인특성은 해당재해별 특성을 구분하여 분석한다.,피해현황은 국가재난관리정보시스템(NDMS)자료를 토대로한다.,2,Claude 3.5 Sonnet,136,10,1,90.91,11.48,1.04,1995,150,2145,중간,2,True,2
12,방재기사,2021,2,방재시설,32,우리나라 해안에서 발생하는 연안침식의 주요원인이 아닌 것은?,text_only,,항만건설,해안도로 건설,하수구 폐쇄,무분별한 하구 골재채취,3,Claude 3.5 Sonnet,136,11,1,91.67,12.46,1.04,2125,155,2280,중간,3,True,3
13,방재기사,2021,2,재해분석,60,RRL 모델에 의한 홍수유출량 산정방법으로 옳은 것은?\n\n- Q 는 시간별 유출량(m$^3$/s)\n- I$_i$는 우량주상도의 i번째 시간구간의 강우강도 (mm/h)\n- A는 j시간의 유역출구 유출량에 기여하는 소유역 면적(km$^2$),text_only,,$Q_j = 0.2777 × \sum_{i=1}^{j} I_i × A_{j+1-i}$,$Q_j = 0.2227 × \sum_{i=1}^{j} I_i × A_{j+1-i}$,$Q_j = 0.2227 × \sum_{i=1}^{j} A_i × I_{j+1}$,$Q_j = 0.2777 × \sum_{i=1}^{j} A_i × I_{j+1}$,1,Claude 3.5 Sonnet,136,12,1,92.31,13.5,1.04,2452,160,2612,중간,1,True,1
14,방재기사,2021,3,재해분석,52,재해복구사업의 분석·평가 시행지침상 명시된 재해복구사업의 효과성· 경제성을 평가하는 경우 포함하여야 하는 사항이 아닌 것은?,text_only,O,재해복구사업의 차별성,재해복구사업 계획추진과 사후관리체계 적정성,침수유역과 관련된 재해복구사업의 침수저감능력과 경제성,재해복구사업으로 인한 지역의 발전성과 지역주민 생활환경의 쾌적성,1,Claude 3.5 Sonnet,136,13,1,92.86,14.36,1.03,2686,165,2851,중간,1,True,1
15,방재기사,2021,2,방재시설,26,자연현황 조사대상에 해당하지 않는 것은?,text_only,,산업현황,하천현황,해상현황,지질·토양현황,1,Claude 3.5 Sonnet,136,14,1,93.33,15.17,1.01,2791,170,2961,중간,1,True,1
16,방재기사,2022,2,방재사업,89,우리나라의 지형적 특성에 따른 연안침식 유형이 아닌 것은?,text_only,,이상파랑,토사포락,호안붕괴,백사장 침식,1,Claude 3.5 Sonnet,136,15,1,93.75,15.9,0.99,2909,175,3084,중간,1,True,1
17,방재기사,2021,2,재난관리,6,재해구호법령상 응급구호 및 재해구호 상황의 보고에 관한 사항중 ( )안에 들어갈 대상으로 옳은 것은?\n\n- 구호기관은 재해로 인하여 이재민이 발생하면 재해의 상황과 재해구호 내용을 ( )에게 보고하여야 한다.,text_only,O,시·도지사,구호지원기관의 장,행정안전부장관,지역보호센터의 장,3,Claude 3.5 Sonnet,136,16,1,94.12,16.7,0.98,3120,180,3300,중간,3,True,3
18,방재기사,2021,3,방재시설,28,폭풍해일 및 파랑으로 인한 재해 대책시설이 아닌 것은?,text_only,,호안,흉벽,도류제,고조방파제,3,Claude 3.5 Sonnet,136,17,1,94.44,17.49,0.97,3232,185,3417,중간,3,True,3
19,방재기사,2021,3,방재시설,35,배수펌프 시설계획 수립에 관한 사항으로 틀린 것은?,text_only,,총양정은 계획실양정으로 한다.,펌프용량은 유역의 유출특성과 유수지규모에 따라 결정한다.,계획실양정은 외수계획고수위와 내수의 저수위 수위차의 70~80% 범위로 한다.,펌프의 설비위치는 수리적으로 유리하도록 흡수정과 최대한 가깝게 한다.,1,Claude 3.5 Sonnet,136,17,1,89.47,18.55,0.98,3456,190,3646,중간,3,False,3
20,방재기사,2021,2,재난관리,7,"자연재해대책법령상 방재관리대책 대행자가 대행할 수 있는 방재관리대책 업무로 틀린 것은? (단, 그 밖에 대통령령으로 정하는 방재관리대책에 관한 업무는 제외한다.)",text_only,O,비상대처계획 수립,우수유출저감대책의 평가,재해복구사업의 분석·평가,자연재해저감 종합계획의 수립,2,Claude 3.5 Sonnet,136,17,1,85.0,19.38,0.97,3659,195,3854,중간,4,False,4
21,방재기사,2020,3,방재시설,35,재난대응훈련 프로그램 영역에서 위기관리 매뉴얼상의 정부 부처의 조치 목록이 잘못 연결된 것은?,text_only,,기상청:신속하고 정확한 호우특보 전파,교육부:긴급동원체계 및 인명구조 긴급지원태세 유지,산림청:산사태 취약지역 및 임도피해 우려지역 예찰강화,보건복지부:재해지역 식중독 예방대책 추진,2,Claude 3.5 Sonnet,136,18,1,85.71,20.28,0.97,3881,200,4081,중간,2,True,2
22,방재기사,2022,2,방재시설,34,하수도설계기준상 측정된 강우자료 분석을 통한 다음 각각의 하수도 시설물별 최소 설계빈도는?\n\nㄱ: 지선관로\nㄴ: 간선관로\nㄷ: 빗물펌프장,text_only,O,"ㄱ:5년, ㄴ:10년, ㄷ:30년","ㄱ:5년, ㄴ:10년, ㄷ:20년","ㄱ:10년, ㄴ:30년, ㄷ:30년","ㄱ:10년, ㄴ:30년, ㄷ:20년",3,Claude 3.5 Sonnet,136,18,1,81.82,20.98,0.95,4136,205,4341,중간,1,False,1
23,방재기사,2021,2,재해대책,68,재해정보지도 작성후 지방자치단체의 장이 검토해야 하는 사항이 아닌 것은?,text_only,,침수 정보,현지 조사,정보 보안,재해정보지도 작성 방침,3,Claude 3.5 Sonnet,136,19,1,82.61,21.84,0.95,4268,210,4478,중간,3,True,3
24,방재기사,2021,2,재해분석,56,재해복구사업의 분석·평가 시행지침상 재해복구사업 분석평가를 통해 도출된 문제점에 대한 개선방안 및 구체적인 활용방안으로 명시되지 않는 것은?,text_only,,재해예방사업의 투자 우선순위,자연재해위험개선지구 지정 개선방안,재해복구사업 시행에 따른 각 시설물별 개선방안,지역발전성과 지역주민 생활환경의 쾌적성 향상방안,2,Claude 3.5 Sonnet,136,19,1,79.17,22.67,0.94,4496,215,4711,중간,4,False,4
25,방재기사,2019,5,방재시설,28,다음의 ( ) 안에 적합한 단어는?\n\n방재기초자료 조사 시 인문 사회현황조사는 ( ㉮ ) 현황조사와 ( ㉯ )현황조사로 구분한다.,text_only,,"㉮ : 인구, ㉯ : 경제","㉮ : 인구, ㉯ : 산업","㉮ : 산업, ㉯ : 경제","㉮ : 산업, ㉯ : 복지",2,Claude 3.5 Sonnet,136,19,1,76.0,23.66,0.95,4708,220,4928,중간,1,False,1
26,방재기사,2020,3,재해대책,77,자연재해위험개선지구 관리지침상 침수위험 지구의 정비대상 시설물이 아닌 것은 ?,text_only,O,옹벽,저류지,배수펌프장,방조제,1,Claude 3.5 Sonnet,136,19,1,73.08,24.48,0.94,4832,225,5057,중간,4,False,4
27,방재기사,2020,3,재난관리,5,댐·저수지 붕괴등에 의한 하류위험지역의 위험도 평가시 인구에 대한 설명으로 틀린것은?,text_only,,위험지역의 인구는 붕괴시 범람으로 인한 인명피해 잠재성의 정량화된 척도로 사용된다.,위험지역의 인구는 붕괴시 범람으로 인한 하류 위험지역으로부터 피난해야 될 사람의 수로 정의 할 수 있다.,위험지역의 인구는 상시 거주지뿐만 아니라 작업장과 임시거주지 인구까지 포함한다.,인구위험도는 PAR(Person At Risk)로 표시되기도 하는데 댐의 상류지역에 거주하는 사람의 수로 정의 할 수 있다.,4,Claude 3.5 Sonnet,136,19,2,70.37,27.47,1.02,5160,325,5485,중간,N/A,False,"4

댐·저수지 붕괴 시 PAR(Person At Risk)은 댐의 상류가 아닌 하류 위험지역에 거주하는 사람의 수를 의미합니다. 댐 붕괴 시 주로 하류 지역이 범람의 위험에 노출되기 때"
28,방재기사,2021,3,방재시설,36,자연재해저감 종합계획 세부수립기준상 자연재해 특성분석 현황조사에 관한 사항으로 틀린 것은?,text_only,O,자연재해 원인특성은 해당 재해별 특성을 구분하여 분석한다.,주요 자연재해 특성 분석 내용은 위험지구 예비후보지 대상선정에 활용할수 없다.,"피해현황은 국가재난관리정보시스템(NDMS)자료를 토대로 해당 자연재해로인하여 발생한 시설물별 피해 개소수, 피해액등의 피해현황을 조사한다.","주요자연재해 사상을 선정하여 주요내용(호우기간, 기상특성등), 기상개황, 기상특성, 자연재해원인특성, 피해현황, 복구현황, 피해원인분석등 대하 여기술한다.",2,Claude 3.5 Sonnet,136,20,2,71.43,28.32,1.01,5511,330,5841,중간,2,True,2
29,방재기사,2021,3,방재사업,87,도시·군 계획시설의 결정·구조 및 설치기준에관한 규칙상 방재시설이 아닌 것은?,text_only,O,하천,저수지,상수도,방풍설비,3,Claude 3.5 Sonnet,136,21,2,72.41,29.14,1.0,5633,335,5968,중간,3,True,3
30,방재기사,2022,2,방재사업,97,자연재해대책법령상 상습가뭄재해지역에 대한 생활수?먹는물 분야의 중장기 대책에 포함되어야하는 사항을 모두 고른 것은?\n\nㄱ. 물 절약대책\nㄴ. 하수도 축소대책\nㄷ. 수질오염사고 예방대책\nㄹ. 가뭄단계별 재한급수대책,text_only,O,"ㄱ, ㄴ ,ㄷ","ㄱ, ㄴ, ㄹ","ㄱ, ㄷ, ㄹ","ㄴ, ㄷ, ㄹ",3,Claude 3.5 Sonnet,136,22,2,73.33,30.53,1.02,5900,340,6240,중간,3,True,3
31,방재기사,2021,3,재해분석,49,방재성능목표 달성에 필요한 재정적 수요를 고려한 사항을 모두 고른 것은?\n\nㄱ. 재해지역의 재정자립도\nㄴ. 재해지역의 소득지가 변동률\nㄷ. 재해지역의 도시화율\nㄹ. 재해지역의 시설물별 피해양상,text_only,,"ㄱ, ㄴ","ㄱ, ㄷ","ㄱ, ㄴ, ㄷ","ㄱ, ㄴ, ㄹ",3,Claude 3.5 Sonnet,136,22,2,70.97,31.51,1.02,6139,345,6484,중간,4,False,4
32,방재기사,2019,5,재해대책,66,침수흔적조사에 대한설명으로 틀린 것은?,text_only,,침수흔적조사는 재해지도를 작성할 때 기초 자료로 활용하기 위하여 실시한다.,행안부장관은 침수범람 등의 피해가 발생한 경우 침수흔적을 조사하여야한다.,대하천의 범람 등 단기간 내 끝나지 않는 재해의 경우 재해진행현장을 조사하는 것이 가능하다.,피해발생 후 신속한 조사가 어려운 경우에는 전담기관 및 대행자에 의뢰하여 침수흔적 조사를 실시할 수 있다.,2,Claude 3.5 Sonnet,136,22,3,68.75,33.83,1.06,6423,445,6868,중간,N/A,False,"2

침수흔적조사는 지자체장이 실시하도록 되어있으며, 행안부장관이 아닙니다. 자연재해대책법 제21조에 따르면, 시장·군수·구청장이 침수흔적을 조사하고 침수흔적도를 작성하도록"
33,방재기사,2020,3,방재시설,32,하천의 하상경사가 급하고 저수지의 관리수위이하의 저수율을 보유하고 있는 하천 시점부의 농경지에서의 취약한 재해유형은?,text_only,,하천재해,가뭄재해,내수재해,토사재해,2,Claude 3.5 Sonnet,136,22,3,66.67,34.98,1.06,6570,450,7020,중간,4,False,4
34,방재기사,2020,3,방재시설,29,하천설계 시 하천제방에 대한 설계기준의 설명으로 틀린것은?,text_only,,제방고는 계획홍수위에 여유고를 더한 높이 이상으로 한다,파랑고가 여유고보다 높은 경우는 파랑고를 여유고로 한다,계획홍수량이 200 m$^3$/sec 미만인경우 여유고는 0.6m이상으로 한다,계획홍수량이 200 m$^3$/sec 미만인경우 둑마루폭은 3.0m이상으로 한다,4,Claude 3.5 Sonnet,136,22,4,64.71,37.33,1.1,6811,550,7361,중간,N/A,False,"4

하천설계기준에 따르면, 계획홍수량이 200 m³/sec 미만인 경우 둑마루폭은 4.0m 이상으로 해야 합니다. 선택지 4번에서는 3.0m 이상이라고 했으므로 틀린 설명입니다."
35,방재기사,2021,2,재난관리,4,재난 및 안전관리 기본법령상 자연재난에 해당되지 않는 것은?,text_only,O,태풍,황사,폭염,미세먼지,4,Claude 3.5 Sonnet,136,23,4,65.71,38.22,1.09,6921,555,7476,중간,4,True,4
36,방재기사,2021,3,재난관리,13,"재해구호법령상 재난구호를 위한 의연금품 모집 목표액이 10억원일 때, 모집에 필요한 경비의 최고 한도액으로 옳은 것은?",text_only,O,"15,000,000원","20,000,000원","25,000,000원","30,000,000원",2,Claude 3.5 Sonnet,136,24,4,66.67,39.06,1.08,7075,560,7635,중간,2,True,2
37,방재기사,2020,3,재해분석,53,"다음의 표를 이용하여 전체면적 5.0km$^2$인 지역의 내수재해 취약요인 분 석시 NRCS방법에 의한 유효우량 산정을 위한 유출 곡선지수(CN)를 옳게 산정한 것은? (단, 유역의 선행토양함수조건은 AMC-Ⅱ이다.)\n\n| 토지이용 | 면적(km$^2$) | 토양형 | 선행토양함수조건 | CN |\n| --- | --- | --- | --- | --- |\n| 공업지역 | 4.0 | A | AMC-Ⅱ | 81 |\n| 불투수지역 | 0.7 | B | AMC-Ⅱ | 98 |\n| 개발중인지역 | 0.3 | C | AMC-Ⅱ | 94 |",text_only,,54.6,81,84.2,91,3,Claude 3.5 Sonnet,136,24,5,64.86,41.3,1.12,7424,660,8084,중간,N/A,False,"3

풀이 과정:
1) 가중평균 CN = (각 구역의 CN × 면적)의 합 ÷ 전체면적

2) 계산:
- 공업지역: 81 × 4.0 = 324
- 불투수지역: 98 × 0.7 = 68.6
-"
38,방재기사,2020,3,재난관리,19,자연재해대책법령상 재해정보지도에 해당하지 않는 것은?,text_only,O,방재교육형 재해정보지도,보험산정형 재해정보지도,방재정보형 재해정보지도,피난활용형 재해정보지도,2,Claude 3.5 Sonnet,136,25,5,65.79,42.14,1.11,7565,665,8230,중간,2,True,2
39,방재기사,2021,2,재난관리,2,재난 및 안전관리 기본법령상 지역통제단장이 할 수 없는 응급조치는?,text_only,O,진화에 관한 응급조치,현장지휘통신체계의 확보,긴급수송 및 구조수단의 확보,"급수 수단의 확보, 긴급피난처 및 구호품의 확보",4,Claude 3.5 Sonnet,136,25,5,64.1,43.05,1.1,7733,670,8403,중간,1,False,1
40,방재기사,2021,2,방재시설,28,자연재해위험개선지구 정비계획 수립시 검토사항으로 모두 고른 것은?\n\n㉠ 정비사업의 타당성검토\n㉡ 다른 사업과의 중복 및 연계성 여부\n㉢ 정비사업에 따른 지역주민 의견 수렴결과 검토\n㉣ 재해위험개선지구별 경제성 분석등을 통한 투자우선순위검토,text_only,,"㉠, ㉡","㉠, ㉢, ㉣","㉡, ㉢, ㉣","㉠, ㉡, ㉢, ㉣",4,Claude 3.5 Sonnet,136,26,5,65.0,43.88,1.1,7999,675,8674,중간,4,True,4
41,방재기사,2019,5,방재사업,90,"대도시 지역의 건물에 대한 침수면적-피해액 관계식(회귀식 사용)이 상수항은 0.23294, 침수면적항은 0.245s$^2$, 적합도는 0.63으로 나타났다. 다음과 같이 값이 주어지는 경우 대도시 지역의 건물피해 방지편익은 얼마인가? (단, s = 침수면적(ha) / 도시유형별 평균침수면적(ha)이다.)\n\n평균 침수면적 : 875.3ha\n침수면적 : 5.45ha\n평균 침수 피해액 : 206.8백만원\n홍수 빈도율 : 0.556",text_only,,0.2백만원,26.8백만원,48.2백만원,255.0백만원,2,Claude 3.5 Sonnet,136,26,6,63.41,45.93,1.12,8313,775,9088,중간,N/A,False,"풀이 과정:
1) s = 침수면적/평균침수면적 = 5.45/875.3 = 0.00622

2) 회귀식: y = 0.23294 + 0.245s²
   y = 0.23294 + 0.245(0.00622)²
   y = 0.23294 +"
42,방재기사,2021,3,방재시설,40,자연재해저감 종합계획 세부수립기준상 기초자료 조사 중 인문현황 조사의 내용이 아닌 것은?,text_only,O,수문현황,인구현황,산업현황,문화재현황,1,Claude 3.5 Sonnet,136,27,6,64.29,47.22,1.12,8444,780,9224,중간,1,True,1
43,방재기사,2021,3,방재시설,33,하천재해의 종류와 위험요인의 연결이 틀린 것은?,text_only,,하천범람 - 계획홍수량 과소 책정,호안유실 - 제방고 및 제방여유고 부족,제방붕괴 - 하천횡단구조물 파괴에 따른 연속 파괴,하천 횡단구조물 파괴 - 교각부 콘크리트 유실,2,Claude 3.5 Sonnet,136,28,6,65.12,48.53,1.13,8635,785,9420,중간,2,True,2
44,방재기사,2021,3,재해분석,53,자연재해대책법령상 명시된 지역별 방재성능 목표 설정에 관한 사항으로 ( )에 알맞은 내용은?\n\n? ( ㉠ )는 홍수·호우등으로부터 재해를 예방하기 위한 방재정책 등에 적용하기위하여 처리가능한 시간당 강우량 및 연속 강우량의 목표를 지역별로 설정 운용할수 있도록 관계 중앙 행정기관장과 협의하여 방재성능목표를 설정기준을 마련하고 이를 특별시장·광역시장 시장 및 군수에게 통보하여야 한다.\n? 방재성능목표 설정 기준을 특별시장 광역시장 시장 및 군수는 해당 특별시 광역시(광역시에 속하는 군은 제외한다) 시 및 군에 대한 ( ㉡ )년 단위의 지역별 방재성능목표를 설정 공표하고 운용하여야 한다.,text_only,O,"㉠ 행정안전부장관, ㉡ 5년","㉠ 지방자치단체장, ㉡ 5년","㉠ 행정안전부장관, ㉡ 10년","㉠ 지방자치단체장, ㉡ 10년",3,Claude 3.5 Sonnet,136,28,6,63.64,49.36,1.12,9119,790,9909,중간,1,False,1
45,방재기사,2020,3,방재시설,38,자연재해대책법령상 자연재해위험 개선지구 정비계획 수립주기는?,text_only,O,1년,3년,5년,7년,3,Claude 3.5 Sonnet,136,29,6,64.44,50.05,1.11,9224,795,10019,중간,3,True,3
46,방재기사,2020,3,재난관리,18,자연재해대책법령상 재해정보 및 비상지원등에 관한 설명으로 틀린것은?,text_only,O,재난관리책임기관의 장은 자연재해가 발생하면 그 현황을 실시간으로 종합적인 재해정보체계에 입력하여야 한다.,지방자치단체의장은 필요하면 비상대처계획의 수립 실태를 점검할수있다.,해양경찰청은 해상에서의 각종지원 및 수난 구호등에 관한 사항에 대하여 긴급지원계획을 수립하여야 한다.,산업통상자원부장관은 종합 재해정보체계의 효율적인 활용을 위하여 재해정보체계 표준을 개발하여 보급하여야 한다.,4,Claude 3.5 Sonnet,136,29,7,63.04,52.11,1.13,9539,890,10429,중간,N/A,False,"4

자연재해대책법에 따르면, 종합 재해정보체계의 표준 개발 및 보급은 행정안전부장관의 책무입니다. 산업통상자원부장관이 아닙니다. 따라서 4번이 틀린 설명입니다."
47,방재기사,2021,2,재난관리,11,재난 및 안전관리기본법령상 훈련주관기관의 장이 실시하는 재난대비훈련 평가항목으로 명시되지 않는 것은?,text_only,O,재해구호시설물 안전점검 실시,유관기관과의 협력체제 구축실태,장비의 종류·기능 및 수량 등 동원실태,분야별 전문인력 참여도 및 훈련목표 달성정도,1,Claude 3.5 Sonnet,136,30,7,63.83,52.98,1.13,9738,895,10633,중간,1,True,1
48,방재기사,2021,3,재해대책,68,자연재해위험개선지구 투자우선순위 결정을 위한 비용편익 분석방법 중 간편법(원단위법)에 대한 설명으로 틀린 것은?,text_only,,사업의 경제성이 비교적 높게 평가된다.,하천이나 수계전체의 입장을 고려하지 못한다.,경제성 분석을 위한 소요자료 및 인력소요가 적다.,농작물 피해액을 기준으로 피해계수를적용하므로 예상피해액 산정방법이 간편하다.,1,Claude 3.5 Sonnet,136,31,7,64.58,53.86,1.12,9979,900,10879,중간,1,True,1
49,방재기사,2021,3,재해대책,64,지역외 저류시설의 구조형식이 아닌 것은?,text_only,,댐식,굴착식,이단식,지하식,3,Claude 3.5 Sonnet,136,32,7,65.31,54.7,1.12,10079,905,10984,중간,3,True,3
50,방재기사,2019,5,재해대책,75,자연재해위험개선지구 유형이 아닌 것은?,text_only,,침수위험지구,고립위험지구,토사위험지구,붕괴위험지구,3,Claude 3.5 Sonnet,136,32,7,64.0,55.53,1.11,10191,910,11101,중간,2,False,2
51,방재기사,2020,3,재해분석,54,"다음표를 참조하여 방재분야 표준품셈에 따른 자연재해저감 종합계획 단계에서 해안재해위험지구를 기준으로 하는 단위 업무의 기술사 소요인력은? (단, 해안재해 위험지구는 18개소이다.)\n\n| 구분 | 해안재해위험요인분석 |\n| --- | --- |\n| 단위 | 100개소 100km |\n| | 기술사 | 1.15 |\n| | 특급기술자 | 1.90 |\n| | 고급기술자 | 3.75 |\n| 소요인력(인/일) | 중급기술자 | 4.40 |\n| | 초급기술자 | 2.50 |\n| | 중급숙련자 | 1.90 |",text_only,,0.21인/일,0.45인/일,0.66인/일,1.21인/일,1,Claude 3.5 Sonnet,136,32,8,62.75,57.68,1.13,10540,1010,11550,중간,N/A,False,"1

풀이:
1. 표준품셈에서 기술사 소요인력은 100개소당 1.15인/일
2. 실제 해안재해 위험지구는 18개소
3. 18개소에 대한 기술사 소요인력 계산:
   * (18개소 ÷ 100개"
52,방재기사,2019,5,방재사업,91,하천치수사업의 경제적 편익으로 직접 편익에 해당하는 것은?,text_only,,침수로 인한 오염 피해 감소효과,교통두절에 의한 물류유통 감소효과,교통두절에 의한 피해 감소효과,농경지 토사 매몰 방지효과,4,Claude 3.5 Sonnet,136,33,8,63.46,58.52,1.13,10702,1015,11717,중간,4,True,4
53,방재기사,2022,2,재해대책,68,"자연재해대책법령상 개발사업의 부지면적이 5만제곱미터 미만이거나 개발사업의 길이가 10킬로미터 미만인 개발사업의 재해영향평가의 협의 기간은? (단, 협의기간연장에 관한 사항은 제외한다.)",text_only,O,20일,30일,40일,45일,2,Claude 3.5 Sonnet,136,34,8,64.15,59.51,1.12,10876,1020,11896,중간,2,True,2
54,방재기사,2019,5,방재사업,97,하천의 홍수재해 피해저감을 위한 구조적 대책이 아닌 것은?,text_only,,제방 설치 및 하천개수 공사,하수도 및 배수펌프장 설치,댐 설치,홍수방재 계획 수립,4,Claude 3.5 Sonnet,136,35,8,64.81,60.3,1.12,11020,1025,12045,중간,4,True,4
55,방재기사,2021,3,방재사업,84,다음에서 설명하는 시방서는?\n\n시설물의 안전 및 공사시행의 적정성과 품질확보 등을 위해 시설물 별로 정한 표준적인 시공기준으로 모든공사에 공통으로 적용되는 기준의 설명서,text_only,,개방시방서,전문시방서,전용시방서,표준시방서,4,Claude 3.5 Sonnet,136,36,8,65.45,60.97,1.11,11199,1030,12229,중간,4,True,4
56,방재기사,2019,5,방재시설,37,방재계획의 기초자료 조사 시 조사항목과 관련자료의 연결로 틀린 것은?,text_only,,지질현황 - 수치지질도,토양특성 - 정밀토양도,지형특성 - 수치지도,주문현황 - 행정지도,4,Claude 3.5 Sonnet,136,37,8,66.07,61.81,1.1,11349,1035,12384,중간,4,True,4
57,방재기사,2021,3,재해대책,67,소하천 설계의 내용 중 틀린 것은?,text_only,,수문의설치방향은 제방법선에 직각으로 최대한 간단한구조가 되도록한다.,"수문, 배수통문 등의 설치위치는 하폭이 급변하지 않고 하상변동이 가장 큰 지점으로 선정한다.","집수암거(집수정)의 위치는 보, 교량등과 같은 구조물 인접지점, 하상변동이 크거나 수충부 및 지천 합류부등의 지점은 피한다.","일반적으로 고정보의 본체는 콘크리트구조를 원칙으로 하며, 구조적 안정성을 만족하는 동시에 수리학적으로 유리한 단면으로 설계한다.",2,Claude 3.5 Sonnet,136,37,9,64.91,63.75,1.12,11665,1135,12800,중간,N/A,False,"2

수문, 배수통문 등의 설치위치는 하폭이 급변하지 않고 하상변동이 적은 지점을 선정해야 합니다. 하상변동이 큰 지점은 구조물의 안정성을 해칠 수 있으므로 피해야 합니다."
58,방재기사,2021,3,방재시설,30,자연재해위험개선지구 유형에 대한 설명이 바르게 연결된 것은?,text_only,,"유실위험지구 - 산사태, 절개사면 붕괴,낙석 등으로 인한 건축물이나 인명피해가 발생 또는 우려되는 지역","취약방재시설지구 - 배수문, 유수지. 저류지등 방재시설물이 노후화되어 재해발생이 우려되는 시설물",고립위험지구 - 하천의 외수범람 및 내수배제불량으로 인한 침수가 발생하여 피해를 유발하였거나 예상되는 지역,침수위험지구 - 집중호우 및 대설로 인하여 교통이 두절되어 지역주민의 생활에 고통을 주는 지역,2,Claude 3.5 Sonnet,136,38,9,65.52,64.57,1.11,11986,1140,13126,중간,2,True,2
59,방재기사,2021,2,재해분석,54,"사면재해 발생 위험요인을 모두 고른 것은?\n\n㉠ 폐광, 송전탑 하부, 임도 불안정\n㉡ 지반 교란 행위\n㉢ 하류로 이송된 토사의 하구부 퇴적에 의한 하구폐쇄\n㉣ 배수시설의 유지관리 소홀",text_only,,"㉠, ㉡, ㉢","㉠, ㉡, ㉣","㉠, ㉢, ㉣","㉡, ㉢, ㉣",2,Claude 3.5 Sonnet,136,39,9,66.1,65.38,1.11,12228,1145,13373,중간,2,True,2
60,방재기사,2022,2,재난관리,10,저수지댐의 안전관리 및 재해예방에 관한 법률 시행령상 재해위험 저수지?댐으로 지정할 수 없는 것은,text_only,O,댐의 상류지역에서 산사태 발생 우려가있는 댐,저수지에 퇴적물이 축적되어 홍수 대응능력이 부족하여 재해가 우려되는 저수지,시설물의 안전 및 유지관에 관한 특별법령에 따른 정밀안전진단 결과 E등급(불량) 판정을 받은 댐,수문학적 안전성이 부족하여 시설물의 안전 및 유지관리에 관한 특별법령에 따른 D등급 판정을 받은 댐 중에서 치수 능력을 증대하기 위한 사업이 진행중인 댐,4,Claude 3.5 Sonnet,136,40,9,66.67,66.21,1.1,12560,1150,13710,중간,4,True,4
61,방재기사,2020,3,재난관리,12,자연재해대책법령상 방재관리대책대행자(이하 「대행자」라 한다)등록요건에 관한 설명으로 틀린것?,text_only,O,「기술사법」에 따른 기술사무소의 개설자는 대행자로 등록할수있다,기술인력1명이 2종 이상의 기술자격을 보유하고 있는 경우에는 1종 기술자격만 보유한 것으로 본다.,대행자로 등록하려는 자가 이미보유한 기술인력은 대행자등록을 위한 기술인력으로 중복하여 등록할수 있다.,대행자의 기술인력으로 고용된 사람은 지방자치단체등에 이중으로 취업 할수 있다.,4,Claude 3.5 Sonnet,136,40,10,65.57,68.49,1.12,12863,1250,14113,중간,N/A,False,"4

자연재해대책법 시행령에 따르면, 대행자의 기술인력으로 고용된 사람은 다른 기관이나 업체에 이중으로 취업할 수 없습니다. 따라서 지방자치단체 등에 이중으로 취업할 수 있다는 4"
62,방재기사,2022,2,재해대책,70,토사유출량 산정시 중량단위 토사유출량은 체적단위 토사유출량으로 환산이 필요하다. 입경0.005mm이상 모래의 구성비가 85%일 때 레인-쾰저(Lane &Koelzer)의 경험식을 적용하면 퇴적토의 단위중량(ton/m$^3$)은?,text_only,,약 0.94,약 1.37,약 1.47,약 1.57,3,Claude 3.5 Sonnet,136,41,10,66.13,69.55,1.12,13065,1255,14320,중간,3,True,3
63,방재기사,2021,3,방재사업,94,"다음의 내용이 뜻하는 것으로 옳은 것은?\n\n건설공사 수급인 하자담보책임 규정에 의하면 건설업자의 목적물이 벽돌쌓기식 구조, 철근콘크리트구조, 철골구조 철골철근콘크리트 구조 그밖에 이와 유사한 구조로 된것인 경우에는 건설공사 완공일로부터 10년 그밖의 구조로 된것의 경우에는 건설공사 완공일로부터 5년기간 범위 내에서 발생한 하자에 대한 담보책임",text_only,O,하자담보,하자검사,하자책임기간,하자보수 보증금,1,Claude 3.5 Sonnet,136,41,10,65.08,70.32,1.12,13354,1260,14614,중간,3,False,3
64,방재기사,2022,2,재난관리,17,"자연재해대책법령상 홍수,호우 등으로부터 재해를 예방하기 위한 방재정책에 적용하기 위하여 처리가능한 시간당 강우량 및 연속강우량의 목표를 지역별로 설정?운용할수 있도록 한 기준은?",text_only,O,수방기준,방재기준,지역별 방재성능목표,지구단위 홍수방어기준,3,Claude 3.5 Sonnet,136,42,10,65.62,71.18,1.11,13548,1265,14813,중간,3,True,3
65,방재기사,2022,2,방재시설,23,제방 붕괴의 원인이 아닌 것은?,text_only,,퇴적,월류,비탈면 활동,파이핑 현상,1,Claude 3.5 Sonnet,136,43,10,66.15,71.97,1.11,13652,1270,14922,중간,1,True,1
66,방재기사,2021,2,재난관리,19,자연재난 구호 및 복구비용 부담기준등에 관한 규정상 국고 추가지원을 산정시 고려되지 않는 것은?,text_only,O,풍수해 예방 보험료,행정안전부장관이 정하는 가감률,재해예방 노력지수에 따른 추가 지원율,최근 3년간 평균 재정력지수에 따른 추가 지원율,1,Claude 3.5 Sonnet,136,44,10,66.67,72.79,1.1,13842,1275,15117,중간,1,True,1
67,방재기사,2019,5,방재사업,92,"자연재해위험 개선지구 관리지침의 자연재해위험 개선지구 비용편익 분석에서 침수면적, 침수심, 빈도의 함수로 재난피해액을 산정하는 경제성 평가방법은?",text_only,O,조건부가치측정법,간편법,개선법,다차원법,4,Claude 3.5 Sonnet,136,44,10,65.67,73.55,1.1,14006,1280,15286,중간,2,False,2
68,방재기사,2022,2,재난관리,6,재난 및 안전관리 기본법령상 지역재난안전대책본부에 관한 사항으로 틀린 것은?,text_only,O,시?군?구대책본부의 장은 재난현장의 총괄?조정 및 지원을 위하여 재난현장 통합지원본부를 설치?운영할 수 없다.,시?도대책본부 또는 시?군?구대책본부의 본부장은 시?도지사 또는 시?군?구청장이 된다.,지역대책본부장은 지역대책본부의 업무를 총괄하고 필요하다고 인정하면 지역재난 안전대책본부회의를 소집할수 있다.,재난현장 통합지원본부의 장은 관할 시?군?구의 부단체장,1,Claude 3.5 Sonnet,136,44,11,64.71,75.45,1.11,14314,1380,15694,중간,N/A,False,"1

재난 및 안전관리 기본법 제16조 제3항에 따르면, 시·군·구대책본부의 장은 재난현장의 총괄·조정 및 지원을 위하여 재난현장 통합지원본부를 설치·운영할 수 있습니다. 따라서"
69,방재기사,2021,3,재해분석,41,다음 복합재해에 관한 설명으로 옳은 것은?,text_only,,"복합재해 발생유역의 저감성평가는 정성적,정량적 평가를 실시할 필요 없다.",복합재해위험이 예상되는 지구에 대한 정량적 분석은 관련된 개별위험요인에 대한 분석을 수행하고 그 결과 최대위험요인을 적용한다.,"수계 및 유역단위 재해 저감성 평가는(개선복구사업 지역, 복합재해 발생지역, 피해시설 상ㆍ하류의 인명 및 재산피해 발생우려지역) 재해 복구사업 지역경제 발전성 평가에 해당한다.",복합재해 산정하는 방법은 소요인력 = 소요인력기준 × 내수재해특성에 따른 보정계수 × 지역적 특성에 따른 보정계수 이다.,2,Claude 3.5 Sonnet,136,44,12,63.77,77.55,1.12,14681,1480,16161,중간,N/A,False,"2

복합재해에서 정량적 분석은 관련된 개별 위험요인들을 각각 분석한 후, 그 중 최대 위험요인을 적용하는 것이 올바른 방법입니다. 이는 가장 심각한 위험을 기준으로 대비하여 안전"
70,방재기사,2019,5,재해대책,68,자연재해위험개선지구 정비계획에 관한설명으로 틀린 것은?,text_only,,시장·군수·구청장은 정비계획의 타당성을 5년마다 재검토하여 정비계획을 재정비 해야한다.,정비계획은 시·군·구 기초자치단체의 관할구역에 지정된 자연재해위험개선지구 전체를 대상으로 수립한다.,계획기간은 향후 10년을 목표연도로 설정하여 1년마다 정비계획을 수립한다.,재해위험성 투자우선순위 재해예방효과 등을 종합적으로 검토하여 중장기계획 수립,3,Claude 3.5 Sonnet,136,44,13,62.86,79.79,1.14,14961,1580,16541,중간,N/A,False,"3

자연재해위험개선지구 정비계획은 5년마다 수립하는 것이 원칙이며, 매년 1회 이상 추진실적을 점검하고 필요한 경우 보완·조정하도록 되어있습니다. 따라서 ""1년마다 정비계획을"
71,방재기사,2021,2,재해대책,80,재해영향평가등의 협의 실무지침상 주차장 저류한계 수심은?,text_only,O,10cm,20cm,30cm,40cm,1,Claude 3.5 Sonnet,136,44,13,61.97,80.89,1.14,15064,1585,16649,중간,2,False,2
72,방재기사,2021,2,재해대책,70,"지표의 상태에 따른 1ha당 토사유출량이 나지 200m$^3$/년, 초지 15m$^3$/년, 농경지 2m$^3$/년, 산림 1m$^3$/년이고 토지이용계획 중 나지 1.2ha, 초지0.5ha, 농경지 0.2ha, 산림 0.7ha일 때 토사유출량은?",text_only,,232.7m$^3$/년,242.3m$^3$/년,244.4m$^3$/년,248.6m$^3$/년,4,Claude 3.5 Sonnet,136,44,14,61.11,82.76,1.15,15290,1685,16975,중간,N/A,False,"각 지표별 토사유출량을 계산하면:

나지: 200 × 1.2 = 240 m³/년
초지: 15 × 0.5 = 7.5 m³/년
농경지: 2 × 0.2 = 0.4 m³/년
산림: 1 × 0.7"
73,방재기사,2019,5,재해분석,44,"직접인건비 산정을 위한 소요인력이 다음과 같을 때 복합재해 (하천, 내수) 실시설계에 있어 직접인건비산출을 위한 기술사 소요인력 (인/일)은 얼마인가? (단, 하천실시설계 위험지구 연장은 2km이고 내수 실시설계 침수예장면적은 3km$^2$ 이며 펌프장이 없다고 가정한다. 지역적 특성 따른 보정계수 1.0 가정)\n\n| | 하천실시설계 | 내수실시설계 |\n| --- | --- | --- |\n| 기술사 | 21.00 | 58.00 |\n| 특급기술자 | 36.00 | 95.00 |\n| 고급기술자 | 63.00 | 125.00 |\n| 중급기술자 | 66.00 | 130.00 |\n| 초급기술자 | 61.00 | 110.00 |\n| 중급숙련자 | 10.00 | 15.00 |",text_only,,46,58.12,75.56,102.7,2,Claude 3.5 Sonnet,136,45,14,61.64,83.43,1.14,15707,1690,17397,중간,2,True,2
74,방재기사,2022,2,방재사업,82,"방재시설의 결함에 따른 보수,보강공법에 관한 사항으로 틀린 것은?",text_only,,누수 - 그라우팅,사면의활동 - 차수막 공법,콘크리트의 동해와 열화에 의한 부삭 - 표층부 교체,콘크리트 균열과 철근 부식 - Sealing 재주입,2,Claude 3.5 Sonnet,136,46,14,62.16,84.26,1.14,15886,1695,17581,중간,2,True,2
75,방재기사,2020,3,재해대책,62,"자연재해대책법령상 우수유출저감대책을 수립해야하는 사업에 해당하는지 않는것은? (단, 기타 사항은 고려하지 않음)",text_only,O,「고등교육법」에 따른 학교를 설립하는 경우의 건축공사,「도시개발법」에 따른 도시개발사업,「물환경보전법」에 따른 비점오염저감시설을 설치하는 대상사업,「중소기업진흥에 관한 법률」에 따른 단지조성사업,3,Claude 3.5 Sonnet,136,46,14,61.33,85.1,1.13,16117,1700,17817,중간,4,False,4
76,방재기사,2019,5,재난관리,7,재난 및 안전관리 기본법령상 국가기반시설의 분류로 틀린 것은?,text_only,O,에너지 - 국외민간시설 - 원자력 - 정부주요시설,에너지 - 금융 - 원자력 - 식용수,교통수송 - 보건의료 - 원자력 - 환경,정보통신 - 금융 - 환경 - 교통수송,1,Claude 3.5 Sonnet,136,47,14,61.84,85.77,1.13,16306,1705,18011,중간,1,True,1
77,방재기사,2019,5,방재사업,96,경제성평가 지표 중 모든 타당한 경제적 자료를 단일계산화하여 평가나 순위매김 가능하도록 한 방법?,text_only,,순현재가치 (NPC),"편익, 비용비 (B/C ratio)",내부수익률 (IRR),수평균수입률 (NARR),1,Claude 3.5 Sonnet,136,47,14,61.04,86.59,1.12,16470,1710,18180,중간,2,False,2
78,방재기사,2021,2,방재사업,83,자연재해위험개선지구 투자우선순위 결정을 위한 비용편익 분석방법중 간편법 편익 산정시 해당되지 않는 항목은?,text_only,,농경지,이재민,농작물,인명손실,2,Claude 3.5 Sonnet,136,48,14,61.54,87.48,1.12,16606,1715,18321,중간,2,True,2
79,방재기사,2020,3,재난관리,14,재난 및 안전관리기본법령상 특별재난의 범위에 관한설명이다 ( )에 들어갈 내용으로 옳은 것은?\n\n자연재난으로 「자연재난구호 및 복구비용 부담기준등에 관한 규정」에 따른 국고 지원대상 피해기준액의(ㄱ)배를 초과하는 피해가 발생한 재난자연재난으로서 「자연재난구호 및 복구비용기준등에 관한규정」에 따른 국고 지원대상에 해당하는 시·군·구의 갯수 읍·면·동에 갖춘환각 조에 따른 국고지원 대상 피해 기준금액(ㄴ)을 초과하는 피해가 발생한 재난,text_only,O,"ㄱ: 2.5, ㄴ: 4분의 1","ㄱ: 2.5, ㄴ: 2분의 1","ㄱ: 3, ㄴ: 4분의 1","ㄱ: 3, ㄴ: 2분의 1",1,Claude 3.5 Sonnet,136,49,14,62.03,88.27,1.12,17011,1720,18731,중간,1,True,1
80,방재기사,2019,5,재해대책,71,자연재해대책법령상 자연재해저감종합계획수립 주기는 얼마인가?,text_only,O,3년,5년,7년,10년,4,Claude 3.5 Sonnet,136,49,14,61.25,89.2,1.11,17116,1725,18841,중간,2,False,2
81,방재기사,2020,3,재난관리,3,재난 및 안전관리기본법령상 '사회재난'에 해당하는 것은?,text_only,O,태풍,낙뢰,소행성·유성체 등 자연우주물체의 추락·충돌,「미세먼지 저감 및 관리에 관한 특별법」에따른 미세먼지로인한 피해,4,Claude 3.5 Sonnet,136,50,14,61.73,90.98,1.12,17281,1730,19011,중간,4,True,4
82,방재기사,2019,5,재난관리,18,재난 및 안전관리 기본법령상 국가안전관리기본계획을 작성할 책임을 가진 자는?,text_only,O,대통령,국무총리,행정안전부장관,재난관리책임기관 장,2,Claude 3.5 Sonnet,136,50,14,60.98,91.59,1.12,17411,1735,19146,중간,3,False,3
83,방재기사,2019,5,재난관리,16,재난 및 안전관리 기본법령상 재난 및 사고유형별 재난관리주관기관 중 식용수(지방상수도포함) 사고를 주관하는 기관은?,text_only,O,국토교통부,환경부,보건복지부,행정안전부,2,Claude 3.5 Sonnet,136,51,14,61.45,92.36,1.11,17557,1740,19297,중간,2,True,2
84,방재기사,2021,2,방재사업,99,바람 방재시설에 해당하지 않는 것은?,text_only,,대피소,방수로,방풍림,방풍설비,2,Claude 3.5 Sonnet,136,52,14,61.9,93.38,1.11,17656,1745,19401,중간,2,True,2
85,방재기사,2021,2,방재시설,38,산지지역에 취약한 재해유형으로 적합한 것은?,text_only,,태풍,토석류,해일,내수침수,2,Claude 3.5 Sonnet,136,53,14,62.35,94.12,1.11,17756,1750,19506,중간,2,True,2
86,방재기사,2022,2,방재시설,24,자연재해대책법령상 자연재해저감 종합계획의 수립에 관한 사항으로 ( )에 알맞은 내용은?\n\n? 시장(특별자치시장 및 행정시장은 제외한다) 군수는 자연재해의 예방 및 저감을 위하여 ( ㄱ )년마다 시·군 자연재해저감 종합계획을 수립하여 시?도지사를 거쳐 대통령령으로 정하는 바에 따라 행정안전부장관의 승인을 받아 확정하여야 한다. ? 시장?군수 및 시?도지사는 각각 시·군 종합계획 및 시 도 종합계획을 수립한날부터 ( ㄴ )년이 지난 경우 그 타당성 여부를 검토하여 필요한 경우에는 그 계획을 변경할 수 있다.,text_only,O,"ㄱ:5년, ㄴ:5년","ㄱ:5년, ㄴ:10년","ㄱ:10년, ㄴ:5년","ㄱ:10년, ㄴ:10년",3,Claude 3.5 Sonnet,136,53,14,61.63,94.8,1.1,18174,1755,19929,중간,1,False,1
87,방재기사,2022,2,재해분석,43,하천재해의 발생원인이 아닌 것은?,text_only,,TTP이탈,제방 유실,제방폭 협소,계획홍수량을 초과하는 이상호우,1,Claude 3.5 Sonnet,136,53,14,60.92,95.71,1.1,18290,1760,20050,중간,3,False,3
88,방재기사,2020,3,방재시설,37,재해연보에의거한 과거에 발생한 재해이력 현황조사시 필요없는 항목은?,text_only,,이재민,구호품,침수면적,농작물,2,Claude 3.5 Sonnet,136,54,14,61.36,96.55,1.1,18404,1765,20169,중간,2,True,2
89,방재기사,2019,5,재난관리,12,재난 및 안전관리 기본법령상 재난의 대응 활동에 해당하는 것은?,text_only,O,긴급통신수단 확보,위기경보의 발령,안전점검,특별재난지역 선포,2,Claude 3.5 Sonnet,136,54,14,60.67,97.17,1.09,18534,1770,20304,중간,1,False,1
90,방재기사,2022,2,방재사업,84,다음중 피해주기와 홍수빈도율에 대한 설명으로 옳은 것을 모두 고른 것은?\n\nㄱ. 피해주기의 단위는 년/회로 표시한다.\nㄴ. 피해주기는 재해연보 자료를 활용하여 5년 평균값을 적용한다.\nㄷ. 홍수빈도율과 피해주기는 비례한다.\nㄹ. 홍수빈도율은 재산피해액 산정시 적용한다.,text_only,,"ㄱ, ㄴ","ㄷ, ㄹ","ㄱ, ㄹ","ㄴ, ㄷ",3,Claude 3.5 Sonnet,136,54,14,60.0,97.99,1.09,18808,1775,20583,중간,1,False,1
91,방재기사,2019,5,재해분석,59,방재성능 향상을 위한 통합 개선대책 사업의 시행계획 수립방법으로 옳은 것은?,text_only,,"방재시설의 경제성, 시공성 등을 고려한 연차별 정비계획을 수립한다.",사업비가 작은 사업을 우선 시행할 수 있도록 수립한다.,주민 숙원사업을 우선으로 시행한다.,피해발생빈도가 잦은 순으로 시행한다.,1,Claude 3.5 Sonnet,136,54,14,59.34,98.79,1.09,19024,1780,20804,중간,4,False,4
92,방재기사,2022,2,방재사업,95,사면보강공법 중 저항력 증가법이 아닌 것은?,text_only,,앵커공법,네일공법,압성토공법,억지말뚝공법,3,Claude 3.5 Sonnet,136,55,14,59.78,99.68,1.08,19135,1785,20920,중간,3,True,3
93,방재기사,2021,3,재해분석,55,재해지도 작성 기준등에 관한 지침상 대피장소 설치의 일반적인 기준은?,text_only,,보행거리로부터 1km이내,보행거리로부터 2km이내,보행거리로부터 3km이내,보행거리로부터 5km이내,1,Claude 3.5 Sonnet,136,55,14,59.14,100.51,1.08,19285,1790,21075,중간,2,False,2
94,방재기사,2021,2,재난관리,8,재난 및 안전관리 기본법령상 다중이용시설등의 위기상황 매뉴얼을 작성·관리하여야 하는 대상으로 명시되지 않는 자는?,text_only,O,관리자,소유자,설계자,점유자,3,Claude 3.5 Sonnet,136,56,14,59.57,101.32,1.08,19427,1795,21222,중간,3,True,3
95,방재기사,2019,5,재난관리,4,다차원 홍수피해산정방법(MD-FDA)을 이용한 이재민 피해액 산정식에서 ( )에 알맞은 단어는?\n\n이재민피해액 = 침수면적당발생이재민(명/hr) × 대피일수(일) × ( ) × 침수면적,text_only,,주거지역 침수편입률,소비자물가지수,건축형태별 연면적비율,일평균 국민소득,4,Claude 3.5 Sonnet,136,57,14,60.0,102.03,1.07,19623,1800,21423,중간,4,True,4
96,방재기사,2021,2,재해분석,50,산지 토석류 유출로 우수관거가 막혀 침수피해가 발생하였을 때 복합재해 유형은?,text_only,,토사재해-내수재해,사면재해-하천재해,하천재해-토사재해,내수재해-해안재해,1,Claude 3.5 Sonnet,136,58,14,60.42,102.87,1.07,19767,1805,21572,중간,1,True,1
97,방재기사,2022,2,재해분석,54,재해복구사업의 분석평가 시행지침상 재해복구사업의 분석평가에 관한 사항으로 틀린 것은?,text_only,O,분석?평가시 지역경제발전성평가를 수행하여야한다.,시?군?구청장은 복구사업관련자료를 활용하여 분석평가를 실시하여야 하며 업무대행은 불가하다.,분석평가결과의 적정성에 관한 사전검토 및 실무적인 자문을 위하여 시?군 ?구에 분석평가위원회를 둔다.,"시?군?구청장은 분석평가를 완료한 경우에는 30일 이내에 특별시장, 광역시장, 도지사, 특별자치도를 거쳐 행정안전부 장관에게 최종 평가결과를 제출하여야한다.",2,Claude 3.5 Sonnet,136,59,14,60.82,103.66,1.07,20100,1810,21910,중간,2,True,2
98,방재기사,2022,2,방재사업,85,도시군계획시설의 결정구조 및 설치기준에 관한 규칙상 방풍설비로 방풍림시설을 설치하지 않는 것은?,text_only,O,대규모 구역을 대상으로하는 방풍설비,해안에 접한지역에 설치하는 방풍설비,독립된 단위시설을 대상으로 설치하는 방풍설비,연안침식이 심각하거나 우려되는 지역 및 방재지구,3,Claude 3.5 Sonnet,136,60,14,61.22,104.51,1.07,20311,1815,22126,중간,3,True,3
99,방재기사,2021,2,재난관리,3,자연재해대책법령상 지구단위종합복구계획수립 대상 지역에 해당하지 않는 것은?,text_only,O,어촌·어항법에 따른 항로표지등 항행보조시설의 일괄복구가 필요한지역,산사태 또는 토석류로 인하여 하천유로변경등이 발생한지역으로서 근원적 복구가 필요한 지역,피해 재발방지를 위하여 기능복원보다는 피해지역 전체를 조망한 예방·정비가 필요하다고 인정되는 지역,도로·하천등의 시설물에 복합적으로 피해가 발생하여 시설물별 복구보다는 일괄 복구가 필요한 지역,1,Claude 3.5 Sonnet,136,61,14,61.62,105.19,1.06,20609,1820,22429,중간,1,True,1
100,방재기사,2022,2,재해분석,58,"면적 0.54km$^2$,유출계수 0.65인유역의 2시간동안 확률강우량 200mm를 배제 할 수 있는 배수통관의 단면적(m$^2$)은? \n\n 홈수량 산정방법:합리식\n 배수통관내 유속: 2.5m/s \n 강우배제: 2시간 \n 토사유입에따른 배수단면적 감소를 고려한 여유율: 20%",text_only,,3.9,4.68,9.36,16.85,2,Claude 3.5 Sonnet,136,61,15,61.0,107.19,1.07,20836,1920,22756,중간,N/A,False,"2

풀이과정:
1) 합리식: Q = C·I·A
   - C: 유출계수 = 0.65
   - I: 강우강도 = 200mm/2hr = 100mm/hr = 0.1m/hr
   - A: 유역면적 = 0.54km² = 540,000m²

2)"
101,방재기사,2021,2,방재사업,93,급경사지 재해예방에 관한 법령상 붕괴위험지역의 계측관리에 관한 설명으로 틀린 것은?,text_only,O,행정안전부장관은 상시계측관리의 결과등을 고려하여 주민대피를 위한 관리기준을 제정·운영하여야 한다.,관리기관은 붕괴위험지역 지반의 위치변화를 사전에 감지하기 위하여 상시계측관리를 할 수 있다.,관리기관은 직접 상시계측관리를 하거나 대행하게 하는 경우에는 계측자료를 관할 시장·군수·구청장에게 실시간으로 제공하여야 한다.,시장·군수·구청장은 제공받은 계측자료와 자체의 계측자료를 활용하여 긴급상황이 발생하는 때에는 신속히 해당지역주민을 대피시켜야한다.,1,Claude 3.5 Sonnet,136,61,16,60.4,109.22,1.08,21200,2020,23220,중간,N/A,False,"2

이유: 급경사지 재해예방에 관한 법률 제6조의2에 따르면, 관리기관은 붕괴위험지역 지반의 위치변화를 사전에 감지하기 위하여 상시계측관리를 ""하여야 한다""로 규정되어 있습니"
102,방재기사,2022,2,방재시설,26,"방재시설 피해현장 지반조사 중 지층의 분포, 층두께, 단층 파쇄대의 심도 및 규모, 원지반의 풍화상태, 흙의 연 경도, RQD,절리면의 상태,지하수위 상황등을 확인하는 지반조사는?",text_only,,시추조사,물리탐사,원위치시험,시험굴조사,1,Claude 3.5 Sonnet,136,62,16,60.78,109.87,1.08,21387,2025,23412,중간,1,True,1
103,방재기사,2021,2,재해대책,67,다음 설명은 비탈면 보호공법 중 어느 공법에 해당되는가?\n\n- 암반 비탈면에 많이 시공\n- 보강재를 암반에 삽입하여 원지반 전단강도를 증대시키는 공법,text_only,,록볼트,계단식 옹벽,비탈면 경사완화,쏘일네일링,1,Claude 3.5 Sonnet,136,63,16,61.17,110.78,1.08,21567,2030,23597,중간,1,True,1
104,방재기사,2021,2,방재시설,23,하천 현황조사시 포함되어야 할 사항이 아닌 것은?,text_only,,하천유역의 토양 현황,"하천명, 하천등급, 시·종점에 관한 사항",하천홍수 범람에 따른 위험 지역에 관한 사항,하천과 관련된 수공 구조물 및 횡단 시설물에 관한사항,1,Claude 3.5 Sonnet,136,64,16,61.54,111.43,1.07,21747,2035,23782,중간,1,True,1
105,방재기사,2020,3,방재사업,89,하천제방의 유하 능력에 여유를 확보하기 위하여 여유고를 더 높게 하는경우에 해당하지 않는 것은?,text_only,,상류부가 황폐되어 있는 경우,유출 토사가 다량으로 퇴적할 염려가 있는 하천,제외지에 중요한 시설이 있을경우,만곡 하천의 요안(凹岸)부,3,Claude 3.5 Sonnet,136,65,16,61.9,112.22,1.07,21941,2040,23981,중간,3,True,3
106,방재기사,2020,3,방재사업,82,농경지 피해액 산정시 논과 밭의 침수심 경계선 높이는 몇m인가?,text_only,,0.5m,1.0m,1.5m,2.0m,2,Claude 3.5 Sonnet,136,65,16,61.32,112.92,1.07,22058,2045,24103,중간,1,False,1
107,방재기사,2021,2,재난관리,1,호우경보 발령 기준으로 옳은 것은?,text_only,,3시간 강우량이 60mm 이상 예상될 때,3시간 강우량이 90mm 이상 예상될 때,12시간 강우량이 110mm 이상 예상될 때,12시간 강우량이 150mm 이상 예상될 때,2,Claude 3.5 Sonnet,136,66,16,61.68,113.74,1.06,22222,2050,24272,중간,2,True,2
108,방재기사,2020,3,재해분석,56,빗물 배수펌프장의 용량부족에 의해 발생하는 내수침수의 해소대책이 아닌 것은?,text_only,,빗물 배수펌프 증대,유수지 증대,고지배수로 설치,빗물 배수펌프장 유입관로 증대,4,Claude 3.5 Sonnet,136,66,16,61.11,114.53,1.06,22375,2055,24430,중간,3,False,3
109,방재기사,2021,3,방재시설,38,조건을 활용할 때 침사지 유량(m$^3$/s)은?\n\n[조건]\n? 침사지 폭: 8m\n? 침사지 길이: 15m\n? 침사지 수심: 5m\n? 침전시간: 40초,text_only,,8,12,15,17,3,Claude 3.5 Sonnet,136,66,17,60.55,116.52,1.07,22529,2155,24684,중간,N/A,False,"침사지 유량을 구하는 과정:

1) 침사지 부피 = 폭 × 길이 × 수심
   = 8m × 15m × 5m = 600m³

2) 유량 = 부피 ÷ 침전시간
   = 600m³ ÷ 40초 = 15"
110,방재기사,2021,2,방재사업,92,자연재해위험개선지구 관리지침상 피해액 산정시 도시유형별 구분에서 인구 100만명 미만의 일반 시급 도시에 해당하는 것은?,text_only,O,대도시,중소도시,전원도시,농촌지역,2,Claude 3.5 Sonnet,136,67,17,60.91,117.19,1.07,22674,2160,24834,중간,2,True,2
111,방재기사,2019,5,재해대책,62,하천설계기준상 하천 제방고 결정을 위한 여유고에 대한 설명으로 틀린 것은?,text_only,O,계획홍수량이 200m$^3$/s 미만인 경우에는 여유고를 0.6m 이상으로 한다.,계획홍수량이 10000m$^3$/s 이상인 경우에는 여유고를 2.0m 이상으로 한다.,굴입하도에서는 계획홍수량이 500m$^3$/s이상인 경우에 여유고를 0.8m 이상으로 한다.,계획홍수량이 50m$^3$/s이하이고 제방고가1.0m 이하인 하천에서는 여유고를 0.3m 이상으로 한다.,3,Claude 3.5 Sonnet,136,67,18,60.36,119.35,1.08,22974,2260,25234,중간,N/A,False,"3

하천설계기준상 굴입하도에서는 계획홍수량이 500m³/s 이상인 경우에 여유고를 1.0m 이상으로 해야 합니다. 선택지 3번은 0.8m 이상으로 한다고 되어 있어 틀린 내용입"
112,방재기사,2020,3,방재사업,96,사면보호시설 중 다음은 어떤옹벽에 관한 설명인가?\n\n- 사면활동 억제와 낙석방지를 기대할 수 있는 공법 \n- 앵커와 병행시공 시 높은 안정성을 가지며 구조해석상 높은 압축력이 벽체에 전달되는 경우 철근 배근을 고려하여 균열발생방지 \n지하수에 의한 수압발생이 우려되는 경우 수발공을 설치,text_only,,의지식 옹벽,중력식 옹벽,낙석방지용 옹벽,계단식 옹벽,4,Claude 3.5 Sonnet,136,67,18,59.82,120.31,1.07,23241,2265,25506,중간,1,False,1
113,방재기사,2021,2,방재시설,24,하천에 설치되는 시설물중 제방 및 호안의 재해취약요인의 설명으로 틀린 것은?,text_only,,견간장: 계획 홍수량에 대한 검토,비탈경사: 비탈 경사가 급한 정도,소류력: 호안 재료의 허용 소류력 적합여부,제방고: 계획 홍수위에서 계획홍수량 규모별로 여유고 기준에 적합한지의 여부,1,Claude 3.5 Sonnet,136,68,18,60.18,121.09,1.07,23453,2270,25723,중간,1,True,1
114,방재기사,2022,2,방재사업,88,방재시설의 유지?관리 평가항목?기준 및 평가방법 등에 관한 고시상 행정안전부장관이 재난책임기관장의 유지관리를 평가해야 하는 방재시설이 아닌 것은?,text_only,O,소하천시설 중 수문,도로시설 중 공동구,어항시설 중 물양장,하천시설 중 관측시설,3,Claude 3.5 Sonnet,136,69,18,60.53,121.92,1.07,23640,2275,25915,중간,3,True,3
115,방재기사,2021,2,방재사업,84,집중호우 시 유출토사를 인위적으로 퇴적시켜 유입을 억제하는 침사지 시설의 구성요소가 아닌 것은?,text_only,,침전부,홍수조절부,자연배수부,퇴사저류부,3,Claude 3.5 Sonnet,136,69,18,60.0,122.79,1.07,23782,2280,26062,중간,2,False,2
116,방재기사,2022,2,방재시설,25,자연재해저감 종합계획 세부수립기준상 인문현황에 관한 사항으로 틀린 것은?,text_only,O,"인문현황에는 인구현황, 산업현황, 문화재현황 등을 기술한다.",인구현황 조사중 재해취약인구는 만18세 미만의 청소년과 만65세 이상의 노인을 포함한다.,산업현황은 산업체의 현황 및 분포를 제시하여 인명피해 및 재산피해 예상 활용한다.,인문현황 조사는 자연재해 발생원인과 피해규모에 영향을 미치는 인문적인 요인을 조사?분석하여 위험지구 선정 및 저감대책 수립의 기초자료로 활용할수있도록 수행되어야한다.,2,Claude 3.5 Sonnet,136,69,18,59.48,124.27,1.07,24104,2285,26389,중간,1,False,1
117,방재기사,2020,3,방재시설,34,지형현황 조사를 위한 분석항목에 해당하지 않는 것은?,text_only,,지질분석,표고분석,질·성토 사면분석,경사분석,1,Claude 3.5 Sonnet,136,69,18,58.97,125.13,1.07,24218,2290,26508,중간,3,False,3
118,방재기사,2021,3,재해대책,80,자연재해 저감대책 수립 시 공간적 구분의 순서로 맞는 것은?,text_only,,위험지구단위 → 수계단위 → 전 지역단위,전 지역단위 → 수계단위 → 위험지구단위,수계단위 → 위험지구단위 → 전 지역단위,전 지역단위 → 위험지구단위 → 수계단위,2,Claude 3.5 Sonnet,136,70,18,59.32,126.02,1.07,24404,2295,26699,중간,2,True,2
119,방재기사,2020,3,재난관리,6,대규모 복합재난 대응훈련 기본지침상 도상훈련에 관한 설명으로 틀린것?,text_only,O,"대표적인 도상훈련 참여자는 복합재난 대응훈련준비단의 구성원들로 주관기관 훈련부서,유관기관 훈련실무자, 고위직 공무원등이다.","보통 도상훈련은 개념의 이해를 돕고, 장단점을 식별하며, 태도의 변화를 이끌어내기 위한 목적으로 실행한다.",훈련주관 기관장이 소속기관 등의 직원에게 핵심적인 주요과제를 사전에 부여하여 실시한다.,도상훈련방법은 기본과정과 전문과정이 있다.,3,Claude 3.5 Sonnet,136,71,18,59.66,126.86,1.07,24717,2300,27017,중간,3,True,3
120,방재기사,2019,5,방재시설,35,사면재해 피해저감을 위한 보호공법적용으로 틀린 것은?,text_only,,성토사면에 씨드스프레이 공법을 적용하였다.,절토사면에 씨드스프레이 공법을 적용하였다.,암반사면에 철망을 설치하고 녹생토(건식)공법을 적용하였다.,암반사면에 줄떼와 평떼공법을 병행하여 적용하였다.,4,Claude 3.5 Sonnet,136,72,18,60.0,127.71,1.06,24922,2305,27227,중간,4,True,4
121,방재기사,2019,5,방재시설,34,자연재해저감종합계획 수립시 연도별 피해현황 조사항목으로 틀린 것은?,text_only,,연도별 시설물별 피해액 현황,연도별 시설물별 복구비 현황,연도별 피해시설의 종류,연도별 연강수량,4,Claude 3.5 Sonnet,136,72,18,59.5,128.68,1.06,25074,2310,27384,중간,3,False,3
122,방재기사,2021,2,재해분석,47,빗물펌프장의 용량부족으로 인한 침수발생 시 개선대책이 아닌 것은?,text_only,,하수관거 신규설치,빗물펌프의 용량 증설,빗물펌프장과 연결된 유수지역 용량 증설,고지배수로 설치에 따른 고지 및 저지유역분리,1,Claude 3.5 Sonnet,136,73,18,59.84,130.0,1.07,25246,2315,27561,중간,1,True,1
123,방재기사,2019,5,재난관리,14,재난 및 안전관리 기본법령상 다중이용시설 등의 위기상황 매뉴얼에 따라 주기적 훈련의 의무를 가지는 사람은?,text_only,O,"소유자, 관리자, 점유자",행정안전부장관,재난관리주관기관장,"시장, 군수, 구청장",1,Claude 3.5 Sonnet,136,74,18,60.16,130.73,1.06,25413,2320,27733,중간,1,True,1
124,방재기사,2019,5,방재사업,83,"긴급보수를 위하여 대량의 콘크리트를 연속해서 타설할 경우, 이미 친콘크리트가 경화를 시작한 후 그 위에 타설한 콘크리트 일체가 되지 않고 불연속상태로 된다. 이 불연속면의 명칭은?",text_only,,시공이음,신축이음,수축이음,콜드 조인트,4,Claude 3.5 Sonnet,136,75,18,60.48,131.63,1.06,25601,2325,27926,중간,4,True,4
125,방재기사,2021,3,방재사업,81,방재시설 지반계측계획 수립시 계측위치의 선정조건과 가장 거리가 먼 것은?,text_only,,주변에 특수시설이 있는 지점,설계와 시공면에서 대표적인 지점,비교적 단순하고 대표적인 지반상태를 갖는 지점,기기의 설치와 계측이 용이하며 공사에 지장을 적게 주는 지점,1,Claude 3.5 Sonnet,136,75,18,60.0,132.46,1.06,25797,2330,28127,중간,3,False,3
126,방재기사,2020,3,방재사업,84,자연재해대책법령상 방재시설의 정기적인 유지·관리 평가는 연 몇회 실시하는가?,text_only,O,1회,2회,3회,4회,1,Claude 3.5 Sonnet,136,75,18,59.52,133.52,1.06,25912,2335,28247,중간,2,False,2
127,방재기사,2022,2,재해분석,56,방재성능 개선대책 수립시 고려하여야하는 방재시설물의 특성에 관한 설명으로 틀린 것은?,text_only,,기능성이란 방재시설물이 재해경감에 어떠한 기능과 역할을 담당하고 있는 지를 분석?평가하는 것이다.,"안정성이란 재해로 인한 안전확보여부 및 재해재발방지여부를 정성적, 정량적으로 평가하는 것이다.","시공성이란 방재시설물에 최적화된 기획, 설계, 유지관리등에 이르기 위한 시공능력을 평가하는 것이다.",경제성이란 방재시설물의 붕괴시 인명?재산등의 돌이킬 수 없는 피해가 따르므로 가능한 한 재해복구비용을 감소시킬수 있는 정도를 평가하는 것이다.,4,Claude 3.5 Sonnet,136,75,18,59.06,134.31,1.06,26270,2340,28610,중간,3,False,3
128,방재기사,2021,3,재해대책,71,조건을 활용하였을 때 원단위법에 의한 연간 토사유출량(m$^3$/year)은?\n\n[조건]\n 유역면적 5km$^2$\n 토사유출 원단위: 2m/ha/year,text_only,,10,100,500,1000,4,Claude 3.5 Sonnet,136,75,19,58.59,136.43,1.07,26417,2440,28857,중간,N/A,False,"4

풀이:
1) 유역면적을 ha 단위로 변환
   * 5km² = 500ha (1km² = 100ha)

2) 연간 토사유출량 계산
   * 토사유출량 = 유역면적(ha) × 토사유출 원단위(m/ha/year)
   * ="
129,방재기사,2019,5,방재시설,24,"재해복구사업의 효과성, 경제성을 평가하는 경우 포함해야하는 사항이 아닌 것은?",text_only,,지역경제의발전성,신기술의적용성,지역주민생활환경쾌적성,재해저감성,2,Claude 3.5 Sonnet,136,76,19,58.91,137.56,1.07,26558,2445,29003,중간,2,True,2
130,방재기사,2020,3,재난관리,20,일반자산의 총 직접피해액 산출 시 고려되지 않는 것은?,text_only,,연평균피해액,일반자산피해액,인명피해액,일반자산 피해액에 대한 공공시설물의 비율,1,Claude 3.5 Sonnet,136,76,19,58.46,138.51,1.07,26692,2450,29142,중간,3,False,3
131,방재기사,2022,2,방재사업,98,자연재해위험개선지구 관리지침상 다차원법의 농작물 피해액 산정에 필요한 요인이 아닌 것은?,text_only,O,침수심,매몰지역(m$^2$),농작물자산가치(원),침수시간별 피해율(%),2,Claude 3.5 Sonnet,136,76,19,58.02,139.36,1.06,26842,2455,29297,중간,4,False,4
132,방재기사,2021,2,재해대책,71,"표와 같이 소유역 Ⅰ,Ⅱ,Ⅲ 으로 나누어진 유역면적과 유출계수를 가진유역의 전체 홍수량을 평균 유출계수를 계산하여 합리식으로 산정한 값은 얼마인가? (단, 유역의 평균강우강도 = 100 mm/hr이다.)\n\n| 소유역 | 면적(km$^2$) | 유출계수 |\n|---------|----------|----------|\n| I | 1.0 | 0.5 |\n| II | 0.6 | 0.7 |\n| III | 0.4 | 0.9 |",text_only,,17.78m$^3$/s,19.45m$^3$/s,85.56m$^3$/s,38.90m$^3$/s,3,Claude 3.5 Sonnet,136,76,20,57.58,141.32,1.07,27154,2555,29709,중간,N/A,False,"풀이과정:
1) 평균 유출계수(C) 계산:
   * C = (C₁A₁ + C₂A₂ + C₃A₃)/(A₁ + A₂ + A₃)
   * C = (0.5×1.0 + 0.7×0.6 + 0.9×0"
133,방재기사,2020,3,재해분석,42,재해복구사업 분석 및 평가에서 재해저감성평가에 관한 설명으로 틀린것은?,text_only,,"평가대상 유역 또는 수계단위, 지구단위로 평가를 한다.",복구사업의 적절성 및 재해저감효과에 대해 평가한다.,"복구사업으로 인한 단기효과와 중,장기 효과를 평가한다.","지구단위로 하천재해,토사재해, 사면재해,연안해재,바람재해 기타재해 등에 대해 평가한다.",3,Claude 3.5 Sonnet,136,77,20,57.89,142.18,1.07,27394,2560,29954,중간,3,True,3
134,방재기사,2022,2,방재사업,99,소규모 개발사업의 우수유출저감시설 계획에서 개발에 따른 불투수면적이 12000m$^2$이 증가되었다 개발에 따른 유출량(m$^3$)은?,text_only,,120,600,1200,6000,2,Claude 3.5 Sonnet,136,77,21,57.46,144.61,1.08,27536,2660,30196,중간,N/A,False,"3

풀이:
1) 개발에 따른 유출량 계산식
   - 유출량(m³) = 불투수면적(m²) × 설계강우(m)
   - 설계강우는 0.1m(100mm) 적용

2) 계산
   - 불투수면적: 12,000m²"
135,방재기사,2022,2,방재사업,100,"사방사업법령상 사방시설의 점검에 관한 사항으로 ( )에 알맞은 기준은?\n\n사방시설의 정기점검은 1년에 1회이상 실시한다 다만, 준공 후 5년 이상 10년 미하이 기간이 지난 사방시설의 경우에는 ( )년마다 실시할수 있다.",text_only,O,1,2,3,5,2,Claude 3.5 Sonnet,136,78,21,57.78,145.52,1.08,27726,2665,30391,중간,2,True,2
136,방재기사,2022,2,방재사업,94,시설물의 안전 및 유지관리에 관한 특별법령상 각 안전등급의 정밀안전진단 실시 시기로 옳은 것은?,text_only,O,A등급: 3년에 1회이상,B등급: 4년에 1회이상,C등급: 5년에 1회이상,D등급: 6년에 1회이상,3,Claude 3.5 Sonnet,136,78,21,57.35,146.39,1.08,27893,2670,30563,중간,4,False,4
